{
  "version": "2020.1",
  "applications": [],
  "platforms": [
    {
      "name": "Deel1"
    }
  ],
  "systems": [
    {
      "name": "Deel1_App_system",
      "platform": "/home/jens/Xilinx/EOS_opdracht_2020/DEEL1/vitis/Deel1/export/Deel1/Deel1.xpfm",
      "sysConfig": "Deel1",
      "applications": [
        {
          "name": "Deel1_App",
          "platform": "/home/jens/Xilinx/EOS_opdracht_2020/DEEL1/vitis/Deel1/export/Deel1/Deel1.xpfm",
          "platformPath": "/home/jens/Xilinx/EOS_opdracht_2020/DEEL1/vitis/Deel1/export/Deel1",
          "sysConfig": "Deel1",
          "domain": "freertos10_xilinx_domain",
          "system": "Deel1_App_system"
        }
      ],
      "platformPath": "/home/jens/Xilinx/EOS_opdracht_2020/DEEL1/vitis/Deel1/export/Deel1"
    }
  ],
  "others": []
}